restaurant_id,name,cuisine,location,rating,opening_date
1,Moore-Gutierrez,Indian,"9348 Mary Crescent, South Ericmouth, WY 87639",3.4,2010-03-06
2,Russell-Baldwin,Continental,"18723 Kyle Vista Suite 143, Nguyenhaven, NH 37603",3.1,2022-04-19
3,Calhoun-Miller,Chinese,"71852 White Cliffs, New Christopher, SC 35782",1.0,2015-03-10
4,"Bray, Graves and Peterson",Italian,"8808 Kara Drives, Port Patriciamouth, AL 13467",4.4,2019-01-12
5,Bell-Cherry,Continental,"385 Mcgee Loaf Apt. 685, New Todd, TN 27781",2.0,2023-04-30
6,"Tucker, Brown and Ortega",Indian,"8663 Alexander Spring Apt. 545, Brownview, IA 15135",4.3,2024-07-21
7,Martinez-Briggs,Mexican,"05613 Ryan Curve, New Jenniferchester, OR 83706",2.5,2021-08-23
8,Davis-Walker,Mexican,"379 Ortega Rest Apt. 179, Timothyview, VA 89651",3.3,2014-12-11
9,Gill-Hood,Chinese,"485 Alexandra Brook, Sabrinamouth, NE 81138",2.4,2020-02-29
10,"Taylor, Bryant and Jordan",Mexican,"94989 Stone Bypass, Kimberlyshire, VT 45818",2.3,2020-11-23
11,Smith Inc,Mexican,"7162 Greer Cliff Suite 487, South Barbaraburgh, NE 57198",2.1,2010-08-03
12,Pierce and Sons,Italian,"297 Todd Light Suite 774, Elizabethtown, WV 84880",3.7,2021-09-21
13,Rose-Curtis,Mexican,"0575 Marquez Fork Apt. 549, Colestad, NV 63899",3.8,2019-10-05
14,Knight LLC,Indian,"48024 Floyd Dale, Erikamouth, WA 07788",2.2,2012-01-16
15,Parks-Beck,Italian,"779 Ware Isle Suite 750, Amandahaven, NJ 31657",4.7,2012-08-01
16,Barr PLC,Mexican,"Unit 0581 Box 3654, DPO AP 98694",4.2,2010-11-13
17,Brown Ltd,Italian,"828 Reid Views Suite 397, Rileytown, SD 53831",1.5,2019-10-04
18,Waters-Hutchinson,Chinese,"927 Adam Forge, North Roymouth, MA 90755",1.8,2016-05-30
19,"Hubbard, Mejia and Lawrence",Continental,"5690 Mendoza Oval Suite 914, Hernandezfort, KY 56070",4.0,2020-12-24
20,Willis-Holmes,Indian,"27979 Greer Road Suite 856, South Bruce, WV 22903",5.0,2014-02-28
21,"Garcia, Vega and Johnson",Continental,"36895 Lauren Prairie, South Christineside, OH 99715",1.0,2015-04-16
22,"Finley, Smith and Rivas",Indian,"2678 Cheryl Ferry Apt. 749, South Pedroville, NH 59686",2.4,2016-08-02
23,Nelson Ltd,Chinese,"0758 David Forest, Amyton, GA 27972",4.9,2015-07-31
24,"Tanner, Romero and Taylor",Mexican,"22796 Brown Overpass Apt. 979, New Patrick, RI 42975",4.0,2024-11-26
25,Zimmerman-Kelley,Continental,"101 Richard Trail Apt. 730, Louisberg, NM 83313",3.0,2013-05-28
26,Gordon-Sullivan,Chinese,"50106 Mays Extensions Apt. 621, East Daniel, OR 33058",1.0,2016-10-13
27,Flynn PLC,Indian,"2352 Hayes Oval Apt. 854, Zimmermanchester, NE 50139",2.2,2021-03-26
28,Vazquez and Sons,Indian,"61141 Ryan Haven Apt. 208, West James, OK 87130",1.7,2018-11-23
29,Dunn-Thompson,Italian,"7116 Giles Ranch Suite 695, Davidstad, SC 12164",1.9,2011-12-07
30,Johnson Inc,Mexican,"31059 Hoover Expressway, Morrisburgh, DC 29610",3.4,2023-06-28
31,Murray Ltd,Italian,"1705 David Brook Apt. 133, Andreaview, WA 10977",4.6,2020-02-24
32,Holland Group,Chinese,"353 Pamela Rest Apt. 275, Donnafurt, GA 12960",4.3,2011-05-09
33,Garrett-Morgan,Indian,"5896 Robert Pike, Lake Dianaville, ME 55805",1.3,2018-06-21
34,"Dyer, Benitez and Hickman",Italian,"20642 Castaneda Summit, Deborahberg, OR 50444",4.6,2022-12-14
35,Watts-Barrett,Italian,"589 Simpson Way Suite 505, Lake Morganshire, MO 67741",4.8,2014-03-22
36,"King, Edwards and Adams",Continental,"74091 Anna Crescent, North Wayne, AR 16946",1.4,2014-05-03
37,"Cannon, Kerr and Walters",Chinese,"445 Nicholas Fort Apt. 186, East Lindamouth, TX 50893",2.9,2020-03-09
38,Chavez-Perez,Italian,"24985 Luna Flat, South Sarashire, UT 89079",2.0,2024-07-27
39,Caldwell Ltd,Italian,"07069 West Roads Suite 697, Gillespieberg, MN 35248",4.2,2016-11-23
40,Parker-Burke,Mexican,"021 Kimberly Valleys Apt. 329, Lake Matthewchester, MO 52602",4.2,2014-09-27
41,"Smith, Stewart and Rodriguez",Mexican,"44116 Judy Springs Suite 333, Goldenside, PA 03580",3.5,2016-10-25
42,"Martinez, Griffith and Wells",Continental,"6439 Michael Port Suite 793, Boltonfort, VA 51697",1.2,2019-12-17
43,Jones LLC,Chinese,"966 Mendoza Crossing Apt. 977, Garciafurt, TN 12349",3.7,2021-10-06
44,"Sims, Crosby and Phillips",Chinese,"USNS Greene, FPO AP 37148",4.8,2010-03-09
45,"Smith, Gallagher and Rowland",Continental,"70005 Christopher Neck, Sarahchester, NC 83713",2.6,2018-08-23
46,Stafford PLC,Continental,"583 Michael Run Suite 757, North Michealfurt, NM 45050",4.8,2019-02-12
47,Gonzalez-Larson,Indian,"65839 Makayla Well Suite 497, Leemouth, MI 59115",3.2,2019-05-07
48,Clarke Ltd,Continental,"4232 Adrienne Falls Apt. 432, Hardinview, KS 83040",2.3,2024-05-04
49,Gilbert and Sons,Italian,"419 Hernandez Points, Perkinsside, AR 62501",1.1,2018-11-07
50,Davis Ltd,Continental,"Unit 0610 Box 8385, DPO AE 76875",1.5,2010-03-08
51,"Butler, Taylor and Bernard",Italian,"8398 Dennis Walk Suite 799, Meyersborough, VA 10838",2.2,2016-03-15
52,"Good, Thomas and Gutierrez",Italian,"72712 Amanda Spurs Apt. 917, Stevenchester, DE 04171",3.5,2018-05-21
53,Jimenez-Blackburn,Mexican,"058 Timothy Common, New Timothystad, IN 96464",4.2,2013-01-16
54,Goodwin-Johnson,Mexican,"44816 Natalie Underpass, Andrewmouth, CO 87069",3.8,2015-11-28
55,"Fleming, Espinoza and Hernandez",Indian,"905 Gardner Grove Apt. 747, Brownfort, KY 77290",3.9,2020-09-19
56,Duncan Group,Continental,"91995 Todd Valley, Danielton, VT 62486",3.5,2012-05-04
57,"Gray, Todd and Douglas",Indian,"32827 Antonio Pines Suite 030, Alyssaborough, NE 62197",4.6,2023-12-31
58,Calhoun-Mahoney,Italian,"828 Klein Ferry Suite 354, Riveraside, DC 22682",2.0,2023-05-25
59,English-Bailey,Continental,"5153 Smith Stream Suite 123, East Benjaminmouth, SD 04196",4.5,2022-03-24
60,"Pearson, Villarreal and Evans",Chinese,"42057 Nicole Lakes, Wagnerburgh, TX 61392",3.8,2022-10-10
61,Boyd Inc,Chinese,"9296 Chavez Greens, Moorestad, NH 94416",4.1,2022-09-16
62,"Vasquez, Trevino and Campbell",Continental,"0778 Joseph Corner Suite 235, New Katiestad, WI 13183",4.0,2018-05-15
63,Tucker-Pratt,Italian,"19480 Garrett Vista Apt. 278, Bryanmouth, DE 34597",3.5,2014-11-11
64,Archer Ltd,Indian,"42959 Tracy Wells, Pattersonfurt, MI 76101",2.5,2022-11-26
65,Holland-Petersen,Chinese,"574 Johnson Tunnel Apt. 904, West Johnport, MD 05401",4.4,2015-04-21
66,Barnett-Guzman,Mexican,"733 Taylor Summit Apt. 469, Diazview, AR 21719",3.8,2013-05-13
67,Hammond-Lee,Mexican,"786 Wall Meadows Suite 871, Michaelburgh, NY 06373",4.4,2019-06-09
68,Wells and Sons,Continental,"355 Leonard Plaza Suite 176, Wilsonhaven, NC 88862",4.8,2019-02-06
69,Griffin and Sons,Indian,"197 Gilbert Harbors, Carlside, MI 98457",1.4,2017-07-25
70,Barrett-Martinez,Continental,"9950 Alexis Coves, Port Tanya, SC 41806",4.7,2014-06-09
71,Torres PLC,Indian,"50480 Brooks Ports, South Amyfurt, MN 03952",2.2,2017-07-28
72,Luna LLC,Italian,"906 Joel Courts, Hughesview, SC 69917",4.4,2016-03-30
73,Perry-Hernandez,Italian,"68796 Penny Crest Apt. 342, East Johnhaven, WV 48685",2.8,2011-03-13
74,Buck Group,Continental,"083 Clark Rapid Suite 856, Bryantmouth, NJ 04880",2.9,2015-11-16
75,"Mitchell, Hamilton and Malone",Italian,"Unit 0224 Box 4629, DPO AA 81931",2.5,2022-06-23
76,Hickman-Brown,Indian,"396 Cheryl Meadow Suite 373, Jordanbury, TX 71644",3.1,2019-02-17
77,"Barrett, Wiggins and Alvarez",Italian,"5808 Angel Summit Apt. 942, Lewisville, ND 76471",3.3,2011-12-14
78,"Robles, Zamora and Garcia",Indian,"30643 Thomas Gardens Suite 876, New Mark, ME 00543",3.1,2012-10-20
79,Hamilton Inc,Indian,"5071 Keith Inlet, Taylortown, MI 89565",5.0,2020-07-31
80,"Warner, Williams and Cook",Indian,"078 Rachel Avenue Apt. 911, North Leslie, FL 81296",2.1,2011-06-22
81,Torres-Cunningham,Mexican,"169 Dale Run, Valeriefort, ME 46451",3.8,2024-07-22
82,"Morgan, Barber and Rivera",Indian,"476 Lamb Ports, Lanceshire, RI 26612",1.5,2017-01-15
83,Washington-Miller,Continental,"5393 Alex Track, Port Russellport, ID 67731",4.2,2012-05-30
84,"Barber, Hatfield and Cole",Chinese,"679 Anne Green, Swansonland, KY 82808",2.5,2012-12-20
85,"Brown, Ortiz and Deleon",Mexican,"Unit 7716 Box 5142, DPO AP 69993",2.2,2016-02-06
86,"Andrews, Mendoza and Fields",Indian,"6258 Carol Garden Apt. 844, Williamsbury, ME 31995",1.4,2019-01-05
87,"Payne, Flynn and Stanley",Italian,"0100 Ramos Field Apt. 343, South Jennifer, CT 79272",3.0,2023-10-21
88,Houston-Blake,Chinese,"Unit 3859 Box 1076, DPO AP 52948",2.2,2021-12-23
89,"Patton, Blake and Sanders",Chinese,"3358 Kendra Knoll Apt. 822, Yangport, HI 93264",1.6,2016-09-08
90,Barry and Sons,Mexican,"940 Kennedy Courts Suite 502, South Jeffreyland, CA 57748",3.3,2011-12-23
91,Ramirez Ltd,Continental,"9331 Brooke Plain, Samanthaview, CO 62987",1.4,2023-07-13
92,"Watkins, Montgomery and Banks",Italian,"5417 Walter Plain Suite 893, Lake Dawnport, LA 82567",2.1,2013-09-29
93,Evans-Rojas,Continental,"461 Jessica Burgs, West Jessicaside, IN 67742",2.7,2020-07-31
94,"Hunter, Chapman and Johnson",Continental,"PSC 2706, Box 9246, APO AE 37271",4.7,2015-09-20
95,Johnson-Fletcher,Italian,"8822 Valdez Bridge Apt. 143, Barnesborough, MS 12777",4.2,2024-12-10
96,Brown-King,Mexican,"9579 Benjamin Row Apt. 909, Jasonmouth, AR 79013",2.0,2011-06-26
97,"Lam, Peterson and Reyes",Chinese,"Unit 2232 Box 2286, DPO AE 80644",3.8,2019-01-19
98,James-Pearson,Chinese,"1338 Johnson Drive Apt. 172, Roberttown, CO 21141",5.0,2010-11-11
99,Herrera LLC,Chinese,"6101 Santiago Neck, Laurieburgh, MI 65179",4.7,2010-09-03
100,Walters-Yoder,Indian,"02676 Gardner Plains, Heatherborough, WV 11648",2.5,2015-06-26
101,"Woodard, Hardin and Smith",Italian,"6469 Hughes Plaza Apt. 098, Marshalltown, IN 37491",3.3,2022-12-29
102,"James, Richmond and Lee",Mexican,"007 Zachary Plaza Apt. 803, Brandistad, NJ 68059",3.1,2012-03-20
103,Gonzalez LLC,Continental,"93302 Reynolds Lock, Lake Darren, DC 04363",4.4,2024-04-22
104,Rojas Group,Indian,"3417 Wood Ports, West Melissa, KY 82936",2.6,2023-07-25
105,"Butler, Gill and Molina",Continental,"578 Annette Ferry, Michellefurt, MD 83129",4.8,2023-10-13
106,Stephens-Russell,Continental,"322 Jose Extensions Apt. 657, Brayfort, DE 96748",2.2,2023-06-21
107,Schmidt Inc,Italian,"326 James Road Apt. 388, Webbland, UT 99466",3.8,2010-04-18
108,Jimenez LLC,Mexican,"3155 Smith Plains Suite 419, Emilytown, MS 73193",1.9,2016-04-24
109,Malone-Chavez,Indian,"14222 Miranda Curve, Parkershire, CO 22220",1.4,2013-10-11
110,"Fields, Roach and Smith",Italian,"0405 Kelly Ramp Suite 726, Wendyburgh, VT 61076",3.2,2012-02-11
111,"Lozano, Young and Reed",Indian,"732 Webb Pines Suite 149, Hollandmouth, OH 08207",4.9,2023-05-10
112,"Marquez, Rollins and Chapman",Mexican,"02571 Brandon Keys, Port Sharonfort, AL 97922",2.4,2010-11-16
113,Guerrero PLC,Italian,"46655 Brown Lake, New Destiny, NC 65513",2.2,2012-11-08
114,Berry-Rodriguez,Continental,"141 Jessica Crossing Apt. 439, Audreyhaven, OH 30417",2.4,2019-01-08
115,Romero Inc,Continental,"PSC 3443, Box 1723, APO AE 87115",4.7,2022-07-20
116,Weber PLC,Mexican,"2099 Ramirez Harbor Suite 798, West Patriciaville, MO 57789",2.5,2019-07-30
117,Mccarthy PLC,Chinese,"PSC 8107, Box 2398, APO AP 49199",2.6,2021-03-07
118,Reyes-Mejia,Chinese,"0710 Eric Rue Suite 074, West James, NJ 29137",2.2,2020-03-05
119,Krause-Kent,Italian,"096 Jamie Ranch, South Amandahaven, MT 06289",2.6,2016-09-24
120,"Miller, Perez and Diaz",Indian,"USNS Johnson, FPO AP 67900",4.0,2024-03-07
121,Oliver-Green,Chinese,"925 Green Brooks Suite 211, Sherryview, KY 22737",1.1,2016-01-22
122,Rodriguez Group,Chinese,"Unit 3140 Box 4321, DPO AE 29933",3.2,2019-10-04
123,Grant and Sons,Chinese,"758 Valdez Bridge Apt. 867, Pamelatown, WA 77145",3.2,2024-07-07
124,Allen Inc,Indian,"9061 Moody Corners Apt. 920, Lake Stephanieville, WA 08601",4.7,2011-08-02
125,Powell Ltd,Continental,"774 Anne Throughway Suite 457, West Hollyport, DE 06872",3.6,2023-07-03
126,"Davis, Evans and Lewis",Indian,"9509 Nicholas Causeway, East Johnview, SC 22370",2.8,2012-05-14
127,Thomas-Howard,Continental,"3950 Evans Cape Suite 271, Johnsonmouth, WV 60180",4.8,2016-07-28
128,Olsen-Moore,Mexican,"896 Jeffrey Isle, West Kara, SD 81266",2.1,2013-03-28
129,"French, Wells and Ayers",Continental,"8585 Key Lodge, West Michael, NJ 49509",3.2,2015-12-02
130,Baxter PLC,Chinese,"677 Smith Parks, Coxstad, FL 63484",3.1,2017-12-17
131,Gomez-King,Chinese,"68989 Randy Mall Apt. 120, Judithville, TX 72512",4.5,2018-12-26
132,"Bush, Gross and Campbell",Italian,"3674 Ruth Mill Apt. 156, East Josephfort, WY 61990",1.2,2010-05-01
133,Pratt-Welch,Chinese,"94843 Johnson Springs, Ellisfort, CT 38837",4.3,2015-10-06
134,Mayo Group,Indian,"55480 Theresa Mews, South Bryce, NH 93467",1.0,2020-06-12
135,Johnson-Smith,Mexican,"95232 Robert Port, Royland, AZ 67457",1.7,2013-02-25
136,"Ward, Arellano and Frey",Italian,"73700 Vasquez Ferry, West Matthewburgh, WI 65468",1.1,2022-04-22
137,Oconnor-Turner,Chinese,"615 Shannon Trail Apt. 427, Mckenzieborough, LA 45035",3.8,2014-05-27
138,"Oconnor, Rivera and Crawford",Mexican,"69109 Christie Cove, Erikaburgh, MA 50068",4.0,2016-04-13
139,Hernandez-Cobb,Continental,"68173 Suzanne Mountains Suite 436, North Vickiefort, MT 61313",2.6,2015-11-01
140,"Fisher, Mack and Jenkins",Indian,"8390 Heather Island, East Travis, FL 57230",2.1,2016-06-25
141,Price-Rivera,Mexican,"3728 Jessica Village Apt. 653, Port Raymond, TX 67373",4.8,2013-08-21
142,"Long, Powell and Roberts",Continental,"259 Marcus Forge Suite 844, Rebeccamouth, IN 90629",4.1,2010-09-27
143,Cross Ltd,Mexican,"347 Melissa Road, North Kenneth, AZ 86579",1.2,2019-03-27
144,Martin-Anderson,Chinese,"36351 Johnson Radial, North Justin, DE 25071",2.9,2016-01-31
145,Morris-Davenport,Italian,"92929 Nicholas Unions, East Brianshire, OH 41145",4.3,2015-01-10
146,Watson LLC,Mexican,"21808 Joshua Mills Suite 857, Turnershire, CT 49665",2.2,2019-12-10
147,"Anderson, Calderon and Ferguson",Indian,"561 Gonzalez Walk Suite 766, Tiffanybury, KS 81809",1.7,2010-10-09
148,Martinez Inc,Italian,"7426 Patrick Gardens Apt. 691, Markfurt, NH 70905",4.2,2017-07-30
149,Brooks Ltd,Continental,"397 Sandra Rapids, East Monica, NV 23075",4.2,2016-03-01
150,Bryant and Sons,Continental,"36142 George Vista Apt. 870, South Sarahberg, GA 95494",3.6,2013-12-18
151,Everett-Mathis,Italian,"028 Theresa Landing, Vanessafurt, KY 96031",3.3,2015-03-28
152,"Bishop, Sawyer and Wilson",Chinese,"6282 Johnson Gateway, East Jennifer, RI 11150",1.6,2012-06-28
153,Smith-Sanchez,Italian,"208 White Villages, Lake Ruben, WA 79214",3.8,2012-11-10
154,Stafford-Phillips,Italian,"343 Sean Shoals Apt. 190, New Nancy, VA 24431",3.3,2012-11-01
155,"Krause, Owens and Mendez",Italian,"67228 Brown Street, Howellside, PA 92137",4.6,2019-08-23
156,Chen and Sons,Continental,"81627 Amy Burgs Suite 758, Angelicahaven, OK 56128",4.3,2017-04-27
157,Alexander Group,Mexican,"Unit 3019 Box 5708, DPO AA 95160",4.9,2020-06-09
158,Lopez-Russell,Indian,"PSC 5198, Box 4288, APO AA 74704",1.2,2010-09-03
159,Harrell Ltd,Mexican,"771 Torres Tunnel, Nguyenport, PA 31147",3.5,2010-12-08
160,Harmon-Perkins,Indian,"519 Bradley Crossroad, Curtistown, NJ 32362",3.0,2023-06-16
161,"Mahoney, Patel and Brown",Chinese,"119 Deborah Village, Thompsonview, VT 24275",4.7,2017-11-09
162,"Brewer, Tran and Williams",Continental,"679 Jenny Estates, East Jamesmouth, GA 59820",2.6,2024-12-15
163,Weber-Campbell,Italian,"3340 Jacob Hill, Kennethview, CO 58550",2.9,2018-04-25
164,Chapman Inc,Continental,"454 Fields Turnpike, North Joshuaside, TN 74035",2.5,2014-11-10
165,Moore-Oconnell,Continental,"06282 Danielle Isle Suite 094, West Kevin, NY 79154",3.4,2014-04-24
166,"Chung, Tyler and Cooper",Chinese,"44848 Cross Courts, Markberg, OR 90426",4.9,2022-10-05
167,Banks-Rogers,Italian,"417 Christina Roads, Robertton, NH 70159",4.3,2011-03-03
168,Greer-Howe,Italian,"8265 Scott Dale, Andreaside, MN 29935",3.1,2018-06-09
169,Diaz LLC,Indian,"28996 Larry Valleys Apt. 769, East Brandon, NJ 11520",4.6,2010-10-12
170,Flowers-Sanders,Indian,"USNV Smith, FPO AP 50222",1.3,2024-04-21
171,Smith-Allen,Italian,"Unit 5233 Box 7040, DPO AE 89765",3.1,2014-04-16
172,Wilson-Gentry,Indian,"15817 John Point, Alexmouth, MO 66554",4.3,2023-03-31
173,"Barnett, Jones and Jefferson",Continental,"039 Mary Cliff, Brianville, ID 41026",4.0,2022-05-24
174,"Castillo, Russell and Simmons",Indian,"478 Justin Manors, West Angelafort, MO 88026",3.0,2024-08-26
175,Martinez Group,Italian,"261 Riddle Burg, Gonzalezside, MT 57115",1.6,2020-06-28
176,"Riley, Hall and Flowers",Italian,"0768 Johnson Hills, West Tiffany, NC 75186",4.8,2023-08-23
177,Jackson PLC,Mexican,"89745 Rivers Ports, Jeanetteside, NE 28350",1.3,2015-09-19
178,Johnson-Frederick,Mexican,"63494 Diana Meadows, Lake Jodi, GA 00820",3.6,2011-07-22
179,"Torres, Knox and Ingram",Indian,"432 Victoria Fords Suite 410, South Victor, OK 02687",1.7,2015-08-13
180,"Rodriguez, Carter and Schultz",Mexican,"167 Johnny Trace Apt. 419, Hernandezland, OK 81333",1.9,2015-12-11
181,"Chapman, Diaz and Garza",Indian,"636 Anthony Meadow Suite 395, South David, WY 00577",2.2,2019-10-08
182,West-Stark,Indian,"PSC 6271, Box 0548, APO AE 48228",2.4,2015-07-29
183,"Baker, White and Daniel",Italian,"487 Payne Cliff, South Jamesberg, TN 23304",3.2,2016-05-10
184,"Rogers, Warner and Gonzalez",Indian,"6710 Matthew Radial, East Josephhaven, FL 45314",3.4,2010-10-23
185,Moore Inc,Indian,"0560 Daniel Passage Suite 962, Williamshaven, OR 59547",4.8,2024-01-07
186,Barrera-Willis,Indian,"8018 Shawn Mall Apt. 485, Deborahport, MO 10402",4.0,2019-06-28
187,Nguyen-Coleman,Chinese,"77515 Gilbert Trail Suite 432, North Laurashire, NJ 99864",2.1,2014-09-18
188,"Scott, Bishop and Barnes",Continental,"651 Dustin Village, Morganton, NE 15520",4.0,2013-08-23
189,"George, Bentley and Coleman",Italian,"16070 Stephanie Points Suite 018, North Brandontown, NJ 16729",3.6,2012-12-09
190,Henry LLC,Indian,"044 Jeffrey Divide Apt. 309, North Erinton, IN 31196",4.2,2014-02-11
191,Ibarra-Warren,Indian,"97816 Roy Rapid, Wongchester, WI 52915",1.8,2016-03-13
192,"Brown, King and Herrera",Mexican,"42606 Graham Hill, Lake Nicole, VT 84361",4.1,2020-02-29
193,Martin-Baker,Chinese,"22481 Meghan Track Suite 217, Port Christopher, WI 89678",2.3,2022-06-16
194,"Jimenez, Moore and Scott",Indian,"20733 Deborah Garden, New Mark, KS 25528",3.8,2011-09-12
195,Benjamin LLC,Continental,"624 Ricky Island, Lake Patrickmouth, WA 67610",1.4,2016-05-29
196,"Miller, Simpson and Clark",Continental,"478 Evans Walks, Hunterfurt, MT 20800",2.6,2024-11-28
197,Ali Ltd,Chinese,"216 Raymond Crossing, West Anthony, MO 61702",1.7,2021-06-30
198,Foster and Sons,Indian,"124 Sherri Underpass Suite 722, Christinaport, AR 67306",3.4,2021-06-24
199,Gutierrez-Buckley,Italian,"667 Clark Mews Suite 939, Troyville, WY 29840",3.8,2020-06-06
200,Jones-Weber,Mexican,"219 Michelle Dam, Kathychester, SD 94889",2.2,2018-08-26
201,Hernandez PLC,Continental,"919 Smith Vista, Andersonborough, VT 65311",4.0,2018-03-27
202,Hartman-Hammond,Mexican,"2658 Lori Shoals Suite 786, North Richardchester, WY 81590",3.8,2023-03-13
203,Allen-Wood,Chinese,"1575 Cook Pike, Port Jessefurt, MN 69929",3.9,2020-12-01
204,Morton and Sons,Italian,"1685 Veronica Meadow Suite 055, East Tonyburgh, AZ 83705",2.9,2015-10-02
205,"Rivera, Thomas and Solomon",Continental,"73306 Bruce Fords Suite 217, North Sara, LA 67781",1.7,2010-12-23
206,"Lucas, Chang and Mcfarland",Chinese,"06794 Morgan Garden, Shieldschester, ND 27110",4.8,2024-12-28
207,Miller Ltd,Mexican,"72316 Santiago Street Suite 066, Johnsonborough, VA 19237",2.5,2020-10-04
208,Jordan PLC,Indian,"3882 Devin Mount Suite 850, Gonzalezview, ND 09332",2.4,2021-06-18
209,Ayers-Moore,Italian,"1312 Roy Shoals Suite 573, Whitestad, PA 70023",3.4,2014-06-24
210,Johnson PLC,Indian,"Unit 3118 Box 6912, DPO AE 49416",4.7,2011-06-16
211,Collins-Smith,Indian,"0452 Boyd Center Suite 103, Donaldsonberg, WV 55857",2.1,2014-06-08
212,Obrien-Martinez,Continental,"55792 Paul Ville Apt. 959, Earlbury, TX 63886",3.5,2013-06-19
213,"Murphy, Ortiz and Johnston",Indian,"2715 Louis Walks Apt. 854, South Coletown, CO 92257",1.1,2018-11-17
214,"Giles, Ruiz and Wolf",Italian,"Unit 7293 Box 2210, DPO AE 01329",4.4,2010-07-15
215,"Leonard, Banks and Waters",Mexican,"0042 Christina Freeway, New Sandraville, AL 49229",3.0,2019-07-03
216,"Rodriguez, Moss and Elliott",Chinese,"50656 John Prairie, Hunterside, MA 52499",3.0,2020-07-20
217,"Hooper, Smith and Brown",Italian,"376 Lewis Run Suite 048, Bondville, CA 99869",2.1,2022-01-24
218,Saunders-Moss,Indian,"362 Danielle Skyway Apt. 052, Lake Alexander, MS 47891",3.1,2020-12-25
219,Ryan PLC,Chinese,"4991 Martin Common Apt. 330, Michellebury, NY 61393",4.3,2020-09-17
220,"Dorsey, Lewis and Bartlett",Italian,"USNV Houston, FPO AA 74902",3.6,2019-01-26
221,Larson PLC,Chinese,"95028 Isaac Springs, Port Juan, NM 80165",2.9,2020-02-20
222,Simmons LLC,Italian,"16558 Cook Gateway Apt. 562, Burkeview, MD 85970",2.6,2019-07-16
223,Ellis-Edwards,Italian,"4818 Lyons Drive, Garrettchester, CO 96808",5.0,2014-12-28
224,"Ward, Stanley and Nolan",Indian,"2204 Jessica Port Suite 080, Brentview, IN 19408",3.6,2016-12-24
225,"Woods, Herrera and Nunez",Continental,"Unit 2455 Box 4469, DPO AP 55040",4.2,2017-02-09
226,"George, Valdez and Martinez",Mexican,"37841 Dennis Valleys, Bobbymouth, OR 68074",4.0,2021-07-04
227,"Figueroa, Reeves and Rivera",Continental,"PSC 8130, Box 4396, APO AE 87967",1.6,2012-08-10
228,"Rodriguez, Pierce and Hunter",Chinese,"19929 Morales Divide, Lake Louiston, KY 27768",3.0,2016-02-28
229,Young Group,Continental,"907 Mary Fork Apt. 367, Santanamouth, MO 49506",4.8,2011-03-15
230,Hall-Smith,Continental,"62869 Robert Place Apt. 731, North Charlenemouth, ID 80532",1.4,2010-06-01
231,Hendricks-Campbell,Chinese,"323 Richard Parkway Suite 268, Kellershire, TN 20254",4.4,2022-06-18
232,"Meadows, Cox and Stein",Chinese,"2612 Glover Squares, Lamview, VT 74773",1.6,2019-06-05
233,Cobb Ltd,Indian,"277 Raymond Cliff, South Juan, IA 39274",4.0,2019-01-29
234,Poole Ltd,Mexican,"104 Kimberly Trafficway Apt. 271, Amandaport, MA 25426",1.7,2014-08-27
235,Larson LLC,Chinese,"42902 Laura Shoal, West Dylan, MO 40249",4.5,2024-09-24
236,"Rosales, Brown and Evans",Indian,"3020 Matthew River Apt. 154, Cunninghamchester, ND 57306",2.7,2013-03-17
237,"Gregory, Carrillo and Gonzalez",Mexican,"6016 Nathan Throughway Apt. 718, East Blake, OH 18594",2.8,2022-11-07
238,Allen-Wright,Chinese,"498 Rodgers Island Suite 783, Sandovalchester, NE 59969",5.0,2022-06-19
239,Hughes-Jordan,Italian,"6440 Jonathan Expressway, Haynesbury, DE 64797",1.1,2013-01-20
240,Davis Inc,Indian,"198 Mcgrath Summit Suite 311, Whitestad, NE 36436",1.1,2011-05-03
241,"Cannon, Lewis and Hoover",Mexican,"859 Santos Mill, West Sara, IA 91713",5.0,2024-06-24
242,"Park, Williams and Key",Continental,"2715 Zachary Crescent Apt. 403, West Jasmineton, SC 01332",3.1,2024-03-14
243,Bolton Inc,Italian,"434 Colon Fork Apt. 844, Cindyville, DC 95550",4.7,2020-03-13
244,"Thornton, Burnett and Evans",Chinese,"15078 Hannah Port, Lake Christophertown, DC 63330",3.8,2023-06-10
245,Foster-Taylor,Italian,"33692 Ashley Heights, Port Annette, WY 30578",2.9,2017-01-19
246,"Mcclain, Houston and Elliott",Chinese,"Unit 7203 Box 7892, DPO AP 30233",3.0,2024-03-17
247,Pena and Sons,Continental,"49635 Williams Road Suite 973, Phyllisfort, MI 43281",1.8,2017-02-21
248,Gomez-Howard,Chinese,"PSC 2634, Box 9804, APO AE 98077",4.7,2023-06-29
249,"Rice, Tyler and Lara",Chinese,"9485 Donna Squares Apt. 954, Smithberg, ME 03870",2.9,2018-05-14
250,Daniels-Parker,Mexican,"USCGC Ellis, FPO AA 14650",3.3,2010-04-09
251,Horn-Cuevas,Chinese,"3194 Steele Turnpike, Sherrystad, AR 88291",3.8,2015-09-18
252,Wilson-Green,Italian,"52519 Davis Grove, Thomaston, FL 44306",3.6,2022-09-02
253,"Silva, Watts and Smith",Indian,"2183 Scott Hollow Apt. 436, Jenniferfort, MA 03686",4.8,2014-09-05
254,Welch-Morris,Italian,"USS Johnson, FPO AA 97096",3.1,2012-06-13
255,Figueroa PLC,Chinese,"9207 John Union, Campbellbury, MA 23379",1.7,2014-09-10
256,Buchanan-Hensley,Italian,"445 Carter Freeway Apt. 860, Annaville, VT 29878",1.9,2014-03-15
257,"Nicholson, Mercado and Crane",Italian,"682 Clark Oval, Andrewfort, VT 04506",3.1,2014-12-31
258,Hall PLC,Indian,"6253 Burns Extension, Whiteton, MD 65084",3.5,2020-02-12
259,Thomas Group,Continental,"492 Robert Drive Apt. 801, Lake Roy, OK 42566",3.6,2022-04-26
260,"Fleming, Phillips and Hill",Continental,"6896 Christine Camp Apt. 176, North Christina, ID 11712",3.2,2020-12-27
261,Long-Wilson,Indian,"6205 Teresa Overpass, North Bradley, OH 66463",2.0,2021-05-30
262,Jordan-Dominguez,Indian,"USCGC Hart, FPO AA 85211",2.9,2022-06-10
263,Harding Ltd,Italian,"7665 Cassidy Drive, Lake Marie, IN 80789",4.2,2015-04-08
264,Gross Group,Mexican,"847 William Wells, North Christina, CA 64797",4.7,2011-04-15
265,Stewart PLC,Indian,"4459 Jonathan Motorway, New Amy, NM 64067",2.4,2020-06-03
266,Lopez-Hayden,Indian,"6578 Macias Branch, Lake Brianstad, TX 52821",3.2,2012-12-18
267,"Walker, Smith and Little",Continental,"7955 Moore Walk Apt. 009, Annashire, VA 31544",1.1,2018-05-02
268,Payne-Johnson,Indian,"502 Katherine Cliffs, Port William, MN 52050",3.5,2023-08-03
269,Hamilton Inc,Chinese,"217 Kayla Shoal Apt. 643, Ericport, NJ 74368",1.1,2015-10-17
270,Richardson PLC,Indian,"080 Ball Bypass, South Jessefurt, WV 84235",4.8,2010-07-11
271,Malone LLC,Continental,"3107 Green Brook Suite 903, North Anthonyborough, FL 58955",1.5,2021-03-09
272,Price Ltd,Mexican,"41567 Meagan Dam Apt. 379, South Diana, OR 28841",1.9,2022-11-25
273,Bauer Group,Indian,"1534 Andres Mews, East Martha, IL 03927",3.9,2012-08-11
274,Vargas Group,Indian,"38691 Jones Pike, South Joshua, PA 30302",3.8,2023-07-19
275,Brewer-Ramirez,Indian,"35970 Shannon Roads Suite 998, Lake Timothyburgh, ME 66645",3.8,2011-12-09
276,Woods Ltd,Mexican,"949 James Parkway, South Andre, OK 17996",4.8,2020-01-07
277,Reynolds Ltd,Indian,"716 Martin Trail Apt. 550, Youngshire, NC 10262",4.5,2010-04-03
278,Ferguson LLC,Mexican,"6709 Riggs Valleys Apt. 168, Rothville, UT 26816",2.6,2020-10-06
279,"Saunders, Norris and Burgess",Indian,"347 Holly Viaduct Suite 944, South Mark, AR 50419",4.3,2011-12-01
280,Hall LLC,Chinese,"USS Sampson, FPO AP 43060",2.5,2016-09-27
281,Smith Ltd,Indian,"USNS Burke, FPO AE 63733",1.8,2016-08-22
282,Lee-Marshall,Mexican,"001 Andrew Hills Suite 296, Dicksonberg, NH 10106",4.6,2022-06-14
283,Brown-Jones,Chinese,"13260 Danielle Hollow, Hillside, CT 87537",2.7,2016-09-13
284,"Salazar, James and Warner",Indian,"11702 Mitchell Plains Apt. 659, East Jodi, NM 20049",1.2,2014-10-27
285,Ford LLC,Continental,"13380 Melton Curve, New Edwardmouth, NY 59167",4.8,2021-09-05
286,Anderson Ltd,Continental,"44383 Amber Lights Apt. 533, Lake Kathy, WI 18267",2.9,2019-12-04
287,Ramirez-Nunez,Indian,"284 Danielle Brooks Suite 980, Jonesville, KY 98228",4.2,2011-06-25
288,Williams Ltd,Mexican,"012 Martin Point Apt. 274, West Williambury, DE 47752",3.2,2014-09-22
289,Singleton Inc,Indian,"29399 Jessica Rest Apt. 405, Lake Natalie, IA 75457",5.0,2024-09-09
290,Ortiz-Myers,Continental,"230 Hill Extension, Caldwellfurt, VA 57898",1.1,2023-09-16
291,Bryant-Soto,Italian,"0665 Robles Knoll, Port John, ME 50930",4.5,2019-05-13
292,Carpenter-Shaw,Continental,"22906 Patty Prairie, West Brandonside, IN 59241",3.8,2021-08-03
293,Fitzgerald and Sons,Chinese,"81771 Dixon Street Suite 774, East Lynnshire, SD 67914",4.9,2023-01-25
294,Clements-Smith,Mexican,"28728 Autumn Rapids Suite 901, Alexanderfort, IN 99106",3.3,2022-03-01
295,Nguyen-Robinson,Mexican,"12571 Patterson Fields, Port Austinland, WI 98148",1.7,2014-03-17
296,Collins Group,Chinese,"9749 David Heights, New Alantown, CO 96832",3.6,2023-11-29
297,Rodriguez-Haney,Continental,"PSC 0562, Box 4208, APO AA 50538",4.0,2023-08-22
298,Turner-Miller,Chinese,"933 Laura Plaza, Christinaburgh, MI 71167",4.4,2016-07-08
299,Baxter-Hall,Indian,"4049 Baker Valley Apt. 622, Christinafurt, ME 09681",3.6,2014-02-03
300,Morris Inc,Continental,"51565 Raymond Drive Suite 765, Hoganberg, MD 45250",4.0,2016-02-24
301,Bernard-Byrd,Italian,"USNV Mcclain, FPO AA 79015",4.9,2015-02-21
302,Bowman Inc,Indian,"55294 William Groves, Herrerashire, AK 47872",4.9,2024-03-24
303,Keith-Nelson,Mexican,"82889 Mcintyre Villages, Port Stevenport, IL 24535",4.9,2010-06-12
304,Hicks-Odonnell,Chinese,"15038 Nicole Place Suite 032, North Carrie, OH 09996",4.7,2013-10-23
305,"Thompson, Medina and Black",Continental,"902 Jones Brooks Apt. 053, South Reginaldfurt, MN 82203",4.2,2022-10-18
306,Kemp-Scott,Mexican,"318 Brian Hollow, West Anthony, NM 70183",2.0,2017-04-10
307,King-Mcclain,Continental,"7673 Joel Gateway, Kimberlyshire, KY 42023",4.5,2024-10-10
308,Nichols-Jenkins,Chinese,"64758 Earl Locks Suite 175, East Arthurshire, ID 80466",3.7,2013-07-24
309,"Martinez, Russo and Estrada",Continental,"22803 Evans Stravenue, North Stephanie, KS 60070",3.5,2024-03-04
310,"Huber, Clark and Moore",Italian,"USNS Coleman, FPO AE 34586",3.7,2024-01-22
311,Perez-Hall,Italian,"588 Dillon Path Apt. 937, Port Michaelside, WI 54672",3.2,2011-12-28
312,Reeves Inc,Continental,"523 Beasley Vista Suite 498, Lake Jonathonchester, IA 79357",4.1,2020-09-21
313,"Young, Morales and Ramsey",Indian,"76449 William Wells, Durhambury, NJ 18592",4.0,2024-01-25
314,"Wood, Grant and Sandoval",Continental,"840 Matthew Squares, West Debra, NJ 60381",4.6,2022-07-25
315,Miller-Carey,Continental,"Unit 3982 Box 4276, DPO AA 85813",4.7,2014-01-20
316,Santana Ltd,Continental,"5164 Joseph Course Suite 303, Stewartshire, WY 70758",3.0,2015-01-27
317,Morris Inc,Chinese,"979 Forbes Camp Suite 244, Ericamouth, NJ 89818",4.7,2020-07-22
318,Green-Davis,Chinese,"192 Amanda Cape, West Marcusport, IN 21205",3.6,2018-03-20
319,"Baker, Potts and Lewis",Indian,"0553 Tyler Coves, Hannahmouth, MT 58329",3.5,2015-02-10
320,Sanders Ltd,Mexican,"444 Castillo Lock, Olsonberg, ME 61266",2.8,2012-02-04
321,Carlson-Ortiz,Indian,"94596 Jensen Loop Apt. 234, Lake Susan, NM 45264",4.3,2014-04-11
322,Marquez Inc,Chinese,"268 Carmen Course, East Danielfurt, NH 68628",3.8,2021-03-04
323,Johnson-Hernandez,Chinese,"97165 Rebecca Turnpike, Port Kristopher, SC 19811",2.9,2022-02-26
324,Johns-Thomas,Continental,"44790 Darren Curve Apt. 063, Larsenside, TN 03495",1.3,2023-10-13
325,"Cruz, Sherman and Carroll",Indian,"924 Audrey Neck, Valenciaburgh, MT 84086",3.2,2018-06-19
326,"Moran, Robinson and Fisher",Continental,"01984 Nicholas Walks Suite 173, Amyhaven, NH 63163",1.6,2019-05-23
327,Hamilton Ltd,Indian,"57015 Wolf Crossing Apt. 300, East John, MT 55318",1.4,2010-02-28
328,Wolfe Group,Italian,"11687 Randall Landing, Bradton, SD 83006",1.8,2016-12-29
329,Medina and Sons,Italian,"36791 Sabrina Shore Apt. 614, West Michael, NH 12292",4.8,2014-04-05
330,Clayton-Dean,Mexican,"2091 Conner Passage, Lake Victoriaborough, LA 40710",2.8,2023-11-13
331,"Powell, Dixon and Cross",Chinese,"70629 Clifford Oval, South Robertton, NH 41377",4.3,2010-02-28
332,Vega-Lopez,Mexican,"8770 Rivera Ways, North Sonia, UT 62133",3.3,2024-01-12
333,"Blake, Burns and Sanders",Chinese,"1215 Brown Trafficway, Michaelhaven, NC 71856",1.8,2013-08-23
334,"Bowers, Stevens and Hughes",Mexican,"59432 Russell Overpass Apt. 721, Hannahburgh, IL 83413",1.8,2021-05-29
335,"Rodriguez, Jones and Perez",Italian,"USNS Nielsen, FPO AA 37684",1.6,2020-09-20
336,Lopez Inc,Mexican,"66645 Maria Highway Apt. 235, East Christopher, TX 66008",3.8,2021-11-10
337,"Pruitt, Burton and Roach",Continental,"9727 Anthony Place, West Jonathan, ND 40548",1.2,2017-05-03
338,Leach PLC,Italian,"4534 Schwartz Springs, East Dannyview, FL 22753",3.4,2012-10-25
339,Scott Ltd,Indian,"6695 Andrew Crossroad, Corystad, MI 14752",3.9,2022-10-18
340,Henderson-Taylor,Mexican,"7202 Katie Mount Suite 282, New Joseph, AZ 36363",4.0,2020-08-14
341,Serrano-Hanna,Continental,"692 Wilcox Forges, Collierberg, MA 46955",3.6,2023-06-24
342,Estrada Inc,Continental,"899 Daniel Falls, Ortegaville, FL 19938",3.4,2012-11-22
343,Armstrong Inc,Chinese,"Unit 1088 Box 4556, DPO AP 70677",2.7,2011-10-22
344,"Hayes, Padilla and Gould",Indian,"10162 Keith Dale, South Carriechester, TX 55619",4.9,2010-09-04
345,Frederick-Christian,Italian,"50622 Lindsey Harbor Apt. 188, Port Yvonnechester, ND 03840",3.7,2016-11-12
346,Schmitt Group,Italian,"486 Bonilla Pines Suite 412, Wendyport, WI 83062",1.2,2010-06-13
347,Hernandez LLC,Chinese,"663 Charles Canyon Apt. 071, Kimberlymouth, CT 81916",2.2,2012-11-16
348,"Smith, Miller and Lang",Chinese,"PSC 3020, Box 6670, APO AP 04057",3.4,2017-02-10
349,Bell Group,Continental,"2501 John Branch Suite 699, Carolynton, RI 38565",2.9,2011-01-18
350,Ali Group,Indian,"378 Cory Grove, Hunterhaven, WV 45610",3.2,2022-04-18
351,"Hughes, Bailey and Martin",Continental,"918 Teresa Prairie, Bethanyside, MN 82347",1.8,2019-12-04
352,Lee Inc,Italian,"7966 Scott Squares Suite 978, Whiteland, UT 62274",4.5,2017-08-22
353,"Gutierrez, King and King",Mexican,"49633 Thompson Pines Apt. 193, Lewistown, AR 97188",2.9,2017-10-06
354,"Reed, Reyes and Anderson",Indian,"242 Kurt Dale Apt. 713, Adamsfort, RI 92897",4.8,2016-08-10
355,"Shelton, Freeman and Obrien",Continental,"10296 Allison Summit, Braunport, ID 24863",3.9,2018-04-28
356,Mckee PLC,Continental,"20211 Miller Cliff Suite 534, Millerhaven, IN 55557",1.1,2015-03-04
357,Briggs Group,Mexican,"0793 David Hill, North Paulview, MD 56766",2.5,2022-09-14
358,"Mcbride, Taylor and Padilla",Mexican,"11491 Hall Islands, Debraside, SC 24401",1.1,2012-07-19
359,Harrison-Garcia,Mexican,"7048 Stuart Dale Apt. 297, Port Devon, NH 80950",3.5,2023-10-17
360,"Washington, Ramsey and Price",Italian,"Unit 8788 Box 1660, DPO AA 60822",2.7,2024-04-19
361,Jackson-Garcia,Italian,"10194 Luis Burg Apt. 251, Ronaldfort, IA 87198",3.7,2016-10-08
362,Hensley-Castro,Indian,"15322 Bauer Well, Burgessfort, MA 60420",3.9,2024-06-17
363,Shah Inc,Italian,"289 Pamela Stream Suite 293, Jonathanville, NY 84148",4.5,2019-10-15
364,"Thompson, Middleton and Davis",Italian,"366 Martinez Mills Suite 458, Hendricksside, NJ 19931",4.4,2012-08-03
365,Johnson-Jones,Indian,"1828 Wise Springs, Port Stevenstad, NH 02540",3.4,2023-04-18
366,"Wilson, Snyder and Carter",Mexican,"66118 Joseph Curve, Russellville, CO 79413",2.6,2014-12-16
367,Reed Ltd,Chinese,"1710 Shelby Trafficway, Paulaborough, HI 07610",1.6,2018-03-16
368,Lopez Ltd,Indian,"688 Barbara Landing, East Jacob, CA 07307",2.3,2011-02-05
369,"Ferguson, Gibson and Mckee",Continental,"95799 Bell Garden Apt. 839, Jordanport, TN 77026",4.6,2016-02-04
370,Mays-Meyers,Indian,"83547 Santiago Estates, West Sara, VT 82837",1.4,2010-12-11
371,Russell Ltd,Indian,"0087 James Forest Apt. 356, East Joeton, MS 54873",1.8,2024-07-29
372,"Lawson, Dyer and Ross",Italian,"0166 Thomas Route, Ariasmouth, GA 46179",4.6,2012-09-30
373,Small Inc,Italian,"26146 Wood Flats Apt. 246, New Sarah, OH 83691",1.2,2024-08-05
374,Nelson-Lynch,Indian,"130 Miller Land, Chrismouth, IA 80920",3.3,2023-12-29
375,"Knight, Gonzalez and Dunlap",Indian,"PSC 5830, Box 1112, APO AA 83072",2.3,2021-08-25
376,Johnston-Wells,Continental,"2100 Nicholas Curve Apt. 243, Jenniferborough, MA 90932",2.3,2019-02-24
377,Vang Group,Mexican,"Unit 5656 Box 1747, DPO AP 14820",1.1,2012-04-16
378,Avery-Wheeler,Indian,"52060 Sandra Crossing Suite 731, Davisborough, DC 82119",4.1,2015-02-20
379,Calhoun Inc,Chinese,"3847 Miller Mountain Apt. 936, Nicoleberg, AK 88694",3.1,2024-03-21
380,"Gray, Campbell and Sweeney",Chinese,"54654 White Mountain Suite 635, Port Derek, CA 14950",2.0,2021-05-08
381,Park Inc,Continental,"716 Robinson Spring, North Travischester, IA 45645",3.6,2019-04-04
382,Smith and Sons,Chinese,"60566 Little Track, East Carla, MA 31812",4.8,2014-05-08
383,"Morales, Cooper and Harris",Italian,"978 Danielle Plains, North Larryside, OR 24979",2.7,2021-11-12
384,Young-Parker,Indian,"591 Charles Cove Suite 447, Lake Albert, TN 62830",4.5,2020-03-01
385,Brown-Estes,Continental,"USNV Richards, FPO AP 00959",1.0,2018-05-11
386,Bowers-Green,Mexican,"57565 Kelly Walk Apt. 494, Brianstad, NC 38657",2.0,2023-01-20
387,Chan-Patterson,Italian,"Unit 4938 Box 7813, DPO AE 12140",2.8,2020-07-02
388,Stewart and Sons,Chinese,"95629 Nicole Camp, New Sandraside, GA 56313",4.2,2020-07-14
389,"Ali, Snyder and Gamble",Italian,"7939 Brown Causeway Apt. 082, Smithstad, RI 03495",4.0,2014-10-15
390,Harrington-Mays,Continental,"USNV Martin, FPO AA 30389",3.7,2021-08-06
391,"Gonzalez, Hunt and Burgess",Mexican,"262 Russell Fields, Katiefort, MN 26503",4.2,2019-04-18
392,Carter-Long,Italian,"389 Isaac Way, East Matthew, GA 00821",1.5,2021-10-31
393,"Garcia, Neal and Bass",Mexican,"005 Johnson Viaduct, Joelshire, CA 55713",3.3,2012-08-23
394,"Burns, Barnes and Jones",Mexican,"Unit 7131 Box 7824, DPO AE 88762",3.6,2016-11-25
395,"Harrison, Hodge and Morris",Indian,"Unit 7337 Box 9789, DPO AE 08751",2.1,2016-05-20
396,"Miranda, Hall and Rosales",Chinese,"5377 Rhonda Crescent, Murphyburgh, MA 14880",2.5,2014-03-22
397,Hunter-Howell,Chinese,"019 Hardy Locks, Armstrongmouth, NJ 00558",2.6,2022-06-18
398,Miller-Perez,Chinese,"94047 Gary River Apt. 849, East Kimberlyton, OH 49370",2.9,2018-05-28
399,Johnson LLC,Mexican,"2936 Ayers Wells Suite 012, Brewermouth, NY 78976",4.3,2014-09-26
400,"Tran, Riley and Thompson",Continental,"565 Hernandez Shoals Apt. 526, West Alexis, MT 94951",4.5,2010-04-13
401,Hooper Inc,Indian,"015 Michael Port, West Wanda, NV 43641",1.5,2014-05-14
402,Hodge and Sons,Indian,"4419 Freeman Track Suite 111, Williamsborough, FL 31130",3.4,2021-03-14
403,Gilmore LLC,Indian,"8895 Sanders Roads, Kevintown, CA 17064",3.1,2020-07-21
404,Johnson-Diaz,Mexican,"4947 Lang Loop Suite 603, Morrisland, WV 26579",4.2,2020-07-17
405,Griffith-Parsons,Continental,"67142 Ruiz Pines, Walkerfurt, OH 61713",2.4,2013-01-31
406,Richardson Group,Italian,"USNV Garcia, FPO AP 43095",4.5,2021-08-28
407,Wilson PLC,Chinese,"00731 Harmon Row, West Micheleborough, MN 88089",2.7,2010-01-02
408,"Nichols, Small and Suarez",Indian,"6235 Stacey Heights Apt. 175, Reeseville, MT 84942",4.8,2017-08-24
409,Ford-Green,Indian,"35600 Edward Lights Suite 829, Hoganmouth, MO 85188",1.1,2021-09-04
410,Flynn Ltd,Chinese,"2828 Shaw Isle, Port Brianfurt, KY 78224",4.3,2013-09-27
411,"Wilson, Hartman and Taylor",Indian,"51711 James Corner, New Michelle, ME 63404",3.5,2015-03-20
412,Hogan Inc,Continental,"PSC 2766, Box 4894, APO AP 63450",4.1,2015-06-22
413,Rasmussen-Hoffman,Chinese,"804 Nicholas Square, Port Gilbertview, IA 89298",3.6,2022-04-02
414,Green Group,Italian,"2329 John Centers, Lake Rachel, MA 57422",4.3,2012-09-15
415,"Pruitt, Henderson and Love",Chinese,"19982 Nicole Parkway, Wernertown, KY 73999",3.7,2010-02-27
416,Bennett-Parker,Italian,"88000 Vang Bridge, West Barbaraland, VT 80687",4.4,2022-10-12
417,Lara PLC,Mexican,"68836 Allen Plaza, Michelleburgh, OR 37428",3.4,2013-07-28
418,Reynolds Group,Mexican,"672 Jacob Union Apt. 149, Jacksonshire, NM 14104",3.8,2014-01-15
419,"Ramirez, Flores and Cooper",Continental,"7636 Jean Route Suite 169, East Holly, KY 94049",1.9,2010-03-06
420,Smith PLC,Mexican,"9114 Joyce Creek, Flynnview, MI 37636",4.0,2022-01-04
421,"Rodriguez, Wood and Cooke",Continental,"18484 Mark Locks Suite 842, Dominiqueland, NV 31011",2.6,2013-07-09
422,"Thomas, Allen and Byrd",Chinese,"715 Castillo Island, Karentown, UT 82282",3.7,2015-03-20
423,"Jordan, Jackson and Alvarez",Chinese,"080 Daniel Ramp, Port Courtney, SD 38373",2.9,2021-05-12
424,Golden Inc,Mexican,"072 Jessica Curve Apt. 810, Lake Emily, AL 44421",1.6,2024-03-27
425,Velasquez Ltd,Indian,"8883 Cynthia Highway, Avilaburgh, NC 87935",2.8,2010-07-06
426,Allen-Clark,Mexican,"60218 Mary Neck Suite 893, Bryanhaven, ID 46201",3.5,2011-06-29
427,Garrett-Santiago,Mexican,"4196 Tracy Radial, West Michael, NE 28609",2.0,2011-12-22
428,"Rogers, Morrison and Lewis",Mexican,"23399 Steve Ridges, Port Amberborough, AK 04047",4.6,2023-10-20
429,"Clark, Roberson and Howard",Mexican,"9655 Clark Alley Apt. 988, Jonathanbury, AK 51869",4.0,2020-03-26
430,Jones and Sons,Mexican,"430 Williamson Crest Apt. 211, Jennifershire, MN 99351",1.7,2014-05-03
431,Johnson-Scott,Italian,"11080 Anderson Island Apt. 975, Moralesport, MD 18301",1.9,2016-02-23
432,Dennis-Becker,Italian,"5676 Jackson Underpass Apt. 679, Port Isaacport, VT 20155",3.6,2013-09-25
433,Garrison-Williams,Mexican,"83240 Frederick Ways, New Jennifer, CT 70468",2.8,2022-06-13
434,"Barr, Bailey and Gonzales",Continental,"USNV Riley, FPO AP 11865",4.6,2011-12-07
435,Green and Sons,Mexican,"8270 Jones Walks Suite 314, Margaretberg, FL 92823",4.2,2011-09-27
436,"Alvarado, Hogan and Hess",Continental,"8591 Cameron Canyon Apt. 965, Lindsaymouth, NE 01909",3.6,2014-06-03
437,"Gonzales, Oliver and Mathews",Chinese,"USS Wells, FPO AE 30551",4.1,2014-02-26
438,"Garcia, Walker and Campbell",Chinese,"7170 Misty Lodge Suite 370, West Cherylberg, ND 38229",1.2,2010-09-25
439,"Douglas, Carter and Williams",Chinese,"38499 Gutierrez Rapids, Davisville, KY 82508",4.6,2021-12-04
440,Todd LLC,Chinese,"Unit 4660 Box 1067, DPO AA 75443",2.1,2023-06-16
441,Lyons-Cox,Indian,"3092 James Creek Suite 660, New Anthony, FL 22617",2.2,2023-01-08
442,Parker Ltd,Continental,"791 Long Overpass Suite 292, Comptonview, IL 38487",3.6,2018-06-20
443,"Livingston, Juarez and Stout",Italian,"4701 Douglas Rue, Wilsonfurt, OH 38248",2.3,2017-03-19
444,Taylor Inc,Chinese,"23349 Green Place Suite 108, South Dana, IN 42030",4.3,2013-02-13
445,"Wagner, Ware and Miles",Italian,"180 Mikayla Crescent, Caseymouth, DE 73762",4.5,2020-11-16
446,"Spencer, Jackson and Thompson",Indian,"733 Sierra Lights, Lake Ronniestad, UT 03953",3.7,2011-12-24
447,Butler-Wright,Italian,"3420 Wheeler Circle, Jamesmouth, NV 15370",2.9,2020-08-03
448,"Pierce, Moore and Estrada",Mexican,"Unit 8750 Box 4818, DPO AP 10597",4.4,2019-04-12
449,Vargas-Luna,Indian,"144 Jasmine Rue, Petersonborough, ME 44246",4.9,2017-05-04
450,Brown Ltd,Chinese,"218 Christopher Oval Apt. 725, Rachelchester, VA 56378",3.0,2018-08-31
451,"Fernandez, Morris and Shaw",Mexican,"3181 Karen Springs, Bridgesstad, MA 60649",1.9,2018-01-21
452,Sweeney Ltd,Continental,"203 Moore Meadows Apt. 016, Port Emilyfort, IN 23658",1.7,2020-12-15
453,Davis-Rodriguez,Italian,"752 Rogers Viaduct Apt. 501, Dillonside, LA 57208",1.6,2013-09-15
454,Ewing-Chavez,Indian,"982 Walker Flats Apt. 186, South Laurashire, WA 98713",3.5,2023-11-04
455,"Wilson, Cline and Moore",Mexican,"7858 Fernandez Highway Suite 516, Lake Elizabeth, ID 00890",1.0,2013-05-01
456,Warren Inc,Chinese,"8177 Crystal Station, Phillipschester, AL 03361",4.5,2021-03-08
457,Garza and Sons,Mexican,"601 Emily Square, Kramerland, PA 75671",2.3,2015-02-01
458,Richardson-Williams,Mexican,"2021 Anderson Burg, South Tammyport, UT 09915",3.4,2011-11-01
459,Faulkner LLC,Indian,"425 Ryan Mountains, Ellisland, CT 42635",4.5,2010-11-20
460,Watson PLC,Chinese,"USS Stevens, FPO AE 24438",4.7,2014-03-03
461,"Payne, Powell and Bartlett",Continental,"740 Lee Fall, Marshallburgh, MA 35563",2.6,2014-05-22
462,Smith PLC,Chinese,"583 Weeks Forge Apt. 154, Rodriguezfurt, CT 05613",2.5,2024-08-19
463,Watkins LLC,Mexican,"68182 Alexis View, South Daniel, TN 36284",1.4,2017-11-10
464,Arroyo-Walker,Italian,"04292 Spencer Falls, New Ryan, UT 55810",4.9,2017-09-06
465,Pittman Inc,Mexican,"6691 William Valley, Port Johnside, CA 26385",2.0,2023-07-18
466,"Quinn, Villanueva and Jones",Continental,"111 Zachary Unions Suite 205, Briannamouth, MS 84720",4.2,2020-05-20
467,Perkins PLC,Indian,"97284 Allison Orchard, Griffinhaven, CO 14000",1.6,2012-02-27
468,Lopez PLC,Indian,"6910 White Inlet, Ericafort, GA 33574",2.3,2017-09-13
469,"Leonard, Garrett and Harper",Italian,"3625 Jeanne Forge Apt. 192, Roberttown, MO 52091",1.1,2012-03-26
470,Miller Group,Indian,"8253 Bennett Knolls, Christopherfurt, NC 03198",1.7,2017-10-02
471,Ward LLC,Italian,"86845 Chavez Street, Marshtown, AZ 25559",2.8,2012-05-12
472,"Hoffman, Holt and Cole",Chinese,"7689 Stephen Parks Suite 888, Carolynstad, AR 09855",2.3,2015-03-24
473,Brown Inc,Chinese,"971 Downs Tunnel, South Brianside, AZ 75816",2.9,2015-03-02
474,Wallace-Hernandez,Chinese,"30989 Jill Stream Apt. 074, Brownchester, ID 63505",2.4,2015-07-15
475,Garcia-Robertson,Chinese,"69074 Rodriguez Run Suite 695, Lake Robertberg, SD 82583",2.1,2010-02-14
476,Mitchell Group,Chinese,"USS Collins, FPO AP 87976",2.8,2016-02-11
477,"Schwartz, Bullock and Thompson",Indian,"03069 Diane Roads Suite 345, Ericborough, MA 86990",2.5,2015-09-15
478,Cole-Chandler,Mexican,"709 Hunt Haven Suite 661, Atkinsonshire, VA 77770",3.1,2015-09-04
479,"Brown, Lyons and Harvey",Chinese,"531 William Knoll, New Jessica, ID 65374",4.2,2020-01-21
480,Stewart Inc,Mexican,"09653 Robert Spurs, Jacksonstad, MT 42267",4.1,2010-12-21
481,Hernandez PLC,Indian,"5162 Miranda Greens, Lake Vincentport, UT 06035",4.2,2017-08-07
482,Elliott-Watkins,Italian,"09435 Kelli Ways, West Kaitlynhaven, KS 44274",2.2,2022-01-19
483,"Lowery, Jones and Davis",Indian,"415 Timothy Fields Apt. 971, Hoffmanbury, NH 13640",4.4,2011-03-08
484,Castro-Holder,Indian,"223 Jennifer Falls, New Beverlyburgh, IL 79009",1.4,2015-03-18
485,Jackson LLC,Indian,"762 Larry Inlet, Mejiachester, MD 83347",3.9,2019-01-17
486,Blanchard-Kelley,Indian,"3545 Morrison Mountain Apt. 352, Hartmanbury, CO 20351",4.4,2013-12-09
487,"Krause, Morrison and Woods",Continental,"04503 Donald Locks Suite 235, North Melanie, NM 90544",3.6,2021-02-04
488,Brown-Schneider,Mexican,"7008 Castro Harbors Apt. 549, Kevinmouth, AK 81637",2.0,2014-10-22
489,Gross Group,Indian,"0357 William Orchard, West Ernestton, IL 67254",4.0,2021-01-19
490,Ramirez Inc,Continental,"867 Brenda Centers, Cindyview, CA 70253",3.6,2020-01-07
491,Patterson and Sons,Italian,"622 Lawrence Vista Apt. 868, Kevinstad, CA 93527",3.0,2019-03-21
492,"Hoover, Mendoza and Johnston",Italian,"704 Nunez Roads, North Jameston, IN 15070",2.7,2015-03-25
493,Lewis and Sons,Chinese,"7276 Robinson Highway Apt. 685, Port Maxwellfurt, DE 23170",2.9,2021-01-16
494,"Clark, Kelley and Walker",Italian,"3169 Melissa Plaza, Lake Ronald, NV 95710",3.7,2014-07-06
495,Reynolds and Sons,Italian,"179 Steven Light Apt. 594, Harrisview, TX 74361",1.4,2017-06-17
496,Rollins-Mcintyre,Continental,"04319 Paul Mall, Lake Robin, MT 50774",3.5,2023-02-21
497,Moreno-Padilla,Chinese,"08914 Martin Fort Apt. 193, North Melissatown, FL 39557",3.3,2019-04-24
498,Kelley-Morales,Indian,"USCGC Wade, FPO AE 84411",2.8,2010-08-01
499,"Adams, Lopez and Martin",Indian,"71761 Perez Mountains, Lake Deborah, OK 70145",4.7,2017-03-15
500,Robles-Fernandez,Chinese,"53885 Nicholas Ridge, Finleyland, WI 24212",1.9,2017-10-28
